First Name,Last Name,Company,City,Country
Bernard,Ritter,Bradford and Sons,West Francisco,Palau
Darryl,Archer,Kerr-Cherry,Holtfurt,Uganda
Ryan,Li,"Hooper, Cross and Holt",Batesville
Vicki,Nunez,"Leonard, Galvan and Blackburn",Barbaraborough
Sean,Townsend,Preston-Sosa,Velasquezberg,Iran
Sophia,Mathis,Richard-Velasquez,Toddhaven,Switzerland
Helen,Potts,"Rangel, Livingston and Patel",Douglasland
Joann,Finley,Harvey PLC,Barrettshire,Montserrat
Thomas,Walsh,Best-Thomas,Roblesport,Kiribati
Cristina,Lam,Watts-Allison,West Jocelynfort,Korea
Vicki,Heath,"Cherry, Schultz and Ruiz",Port Cameronbury
Glenn,Wang,Warner-Hodge,West Rachael,Gabon
Darius,Benitez,Giles LLC,Mejiashire,Jersey
Xavier,Cruz,Wiley Ltd,Mindyborough,Latvia
Douglas,Galloway,Duffy Inc,Eileenbury,Mongolia
Phyllis,Becker,Oneal and Sons,East Andre,Bouvet Island (Bouvetoya)
Ebony,Murphy,Barry-Martinez,Atkinsfurt,Vanuatu
Tyler,Stevenson,Burns and Sons,North Joannashire,Sri Lanka
Cesar,Bernard,Potter-Ho,Mccormickville,Iraq
Darrell,Santos,Boone-Dawson,Lake Dwayne,Liechtenstein
Amanda,Santiago,Roberts-Heath,Benjaminchester,United Arab Emirates
Marcus,Mcdonald,Hays-Howell,East Brad,Azerbaijan
Lauren,Montes,Cohen-Copeland,Tonyville,Armenia
Brent,Hinton,"Petersen, Blackburn and Meyers",Tommyland
Jill,Mayo,"Woodard, Haas and Mason",Port Carlside
Herbert,Byrd,Sheppard-Dougherty,Kimmouth,South Georgia and the South Sandwich Islands
Don,Krueger,"Cortez, Hester and Villegas",Melendezland
Cheryl,Gonzales,Walton-Drake,Pittmanmouth,Kenya
Rickey,Mays,"Escobar, Carrillo and Sloan",Hollandshire
Cassidy,Dillon,Coleman LLC,New Ebony,Liechtenstein
Christina,Bautista,Lane Ltd,Lake Don,Turks and Caicos Islands
Alexandra,Castro,"Wall, Clay and Mcintosh",South Lynnton
Krystal,Mendoza,"Logan, Boyle and Villegas",West Henry
Ivan,Schroeder,"Peck, Nicholson and Knox",Port Grace
Stephanie,Bradshaw,Tanner LLC,East Paulaville,American Samoa
Levi,Grimes,"Carpenter, Chang and Bass",Frederickfurt
Peter,Sosa,Hensley and Sons,Donaldton,Sao Tome and Principe
Valerie,Haney,"Delgado, Rubio and Rose",Harryview
Tom,Gardner,Werner-Bean,New Samuel,Barbados
Randall,Galloway,Brady Inc,Brightburgh,Isle of Man
Perry,Whitaker,Odom LLC,North Jocelynberg,Western Sahara
Gloria,Mosley,Calderon Ltd,East Reneefurt,Fiji
Cameron,Little,Howell Group,North Angel,Netherlands
Glen,Gonzalez,Zamora-Ellis,Lake Isabelberg,Sudan
Melvin,Day,"Alvarez, Gaines and Sweeney",Jackbury
Kent,Salinas,"Shelton, Robinson and Smith",Nicolasfurt
Stacey,Martinez,"Rasmussen, Bauer and Lyons",Mauriceview
Jennifer,Fleming,Schaefer-Chambers,Shepherdfort,Barbados
Teresa,Oconnell,"Mayo, Buchanan and Owen",Lake Douglas
Bruce,Bass,"Day, Wiley and Mclaughlin",Juarezbury
Sarah,Sweeney,Madden-Ho,Mejiamouth,Equatorial Guinea
Eddie,Salinas,Howard Group,North Frederick,Cook Islands
Trevor,Rowland,"Ritter, Fox and English",Deanchester
Marcus,Chang,"Maynard, Lambert and Blake",North Monica
Sabrina,Roberts,Stewart-Diaz,Port Pennyton,Bhutan
Norman,French,Becker-Mata,South Emma,Marshall Islands
Lonnie,Novak,Hayden Inc,East Malloryville,French Guiana
Casey,Bauer,Houston-Woodard,New Brettfurt,Reunion
David,Goodman,"Macdonald, Byrd and Williams",Juliantown
Garrett,Rosario,Becker-Terrell,Marissaland,Philippines
Colin,Vaughan,"Mooney, Reed and Ingram",New Shelleyfort
Maxwell,Griffin,Mcdowell-Adkins,North Kentland,Turkmenistan
Diamond,Barnett,"Walker, Andersen and Reeves",New Patriciamouth
Kellie,Munoz,Flynn-Chapman,New Samantha,Greenland
Sandy,Finley,Shah-Hanna,Glasshaven,Kiribati
Katelyn,Petersen,Solis-Hardin,South Patricia,Saint Vincent and the Grenadines
Neil,Murray,Washington-Ramirez,East Stephanie,Afghanistan
Carlos,Wilcox,"Vega, Yoder and Ayala",East Katelynmouth
Adrienne,Lamb,"Henderson, Vega and Jensen",South Karl
Traci,Levy,"Simon, Flores and Carr",New Erica
Tammy,Harmon,Kidd-Stone,Chaneychester,Yemen
Nicholas,Arias,Yoder-Bowen,Lake Gavinburgh,Holy See (Vatican City State)
Sydney,Solis,"Wu, Strong and Flynn",Welchburgh
Jody,Beltran,Buchanan-Barton,Kristihaven,Heard Island and McDonald Islands
Autumn,Choi,Bates LLC,Port Scott,Uganda
Chelsey,Boyer,"Goodman, Carrillo and Stein",Selenaville
Trevor,Key,"Escobar, Adams and Huber",New Ryan
Bridget,Molina,Greene-Mays,East Brookebury,Chad
Calvin,Rocha,Werner-Key,Wayneborough,Cameroon
Austin,Matthews,"Sandoval, Parker and Mcdowell",Aimeeville
Molly,Murphy,Mercado PLC,Ericamouth,British Virgin Islands
Jeremy,Haynes,"Cruz, Roach and Lynch",Breannaton
Don,Henry,"Giles, Kerr and Stafford",Marcusburgh
Dakota,Bowman,Gomez-Tapia,West Barbarafurt,China
Manuel,Maynard,"Ellison, Berger and Osborn",Lake Calvin
Howard,Simmons,Winters-Cohen,Mitchellmouth,Romania
Jeffery,Wall,Santos-Barnett,Jonathonhaven,Cambodia
Colleen,Estes,"Garrett, Sharp and Kaufman",Lake Alisonside
Bianca,Henry,Harrell-Johns,Garrettstad,Albania
Michelle,Good,"Randall, Harding and Powers",New Johnnychester
Eileen,Skinner,Yang Ltd,New Kristophershire,Mexico
Kyle,Richmond,Hart Group,New Arielfurt,Dominican Republic
Omar,Davies,"Rich, Oneill and Daniels",Dicksonburgh
Chelsea,Giles,Curtis Inc,Evanfort,Kuwait
Pam,Crane,Patton-English,East Taylorborough,Cameroon
Sandy,Kaufman,Gillespie-Kemp,East Taylorville,Antigua and Barbuda
Madison,Clark,"Atkinson, Benitez and Tapia",Cristianmouth
Leah,Coffey,Rasmussen-Frederick,Lake Darrell,Slovenia
Julie,Montgomery,"Brady, Le and Sherman",New Mathew
Darrell,Small,Nicholson LLC,Lake Warrenmouth,Reunion
Andrew,Bolton,Sutton-David,East Nathanmouth,United Arab Emirates
Jaime,Hayden,Higgins Ltd,Mullenmouth,Iran
Logan,Carney,Jensen-Crawford,Omarport,Gibraltar
Pedro,Franco,"Acevedo, Blanchard and Deleon",West Sharonville
Daryl,Meza,Roberts-Curry,West Jennifer,Hungary
Haley,Levine,Bowers-Nichols,Jacobfort,Tuvalu
Caitlyn,Vazquez,"Burnett, Carter and Shah",New Bruce
Keith,Combs,"Bryant, Blankenship and Orozco",North Pattystad
Hayden,Cline,"Garrison, Kelley and Choi",Julianberg
Jeanette,Sanford,"Sutton, Doyle and Velez",Wadeborough
Brandon,Richmond,Gould Ltd,Beardfort,Pakistan
Latasha,Miller,Romero Group,East Glenfort,Aruba
Shaun,Luna,"Sparks, Garcia and Maxwell",West Emma
Allen,Mayer,Giles-Mooney,West Terrenceburgh,Comoros
Yvonne,Jordan,"Oneal, Barker and Kaufman",South Caseyside
Joanne,Miranda,Perkins LLC,Aguilarchester,Niue
Jaclyn,Rice,Madden-Lewis,New Saraberg,Spain
Glen,Conway,"Bullock, West and Becker",Corystad
Stacey,Travis,Medina-Castro,Dudleyfurt,Ethiopia
Courtney,Hughes,Benitez LLC,Knoxfurt,Marshall Islands
Raven,Nelson,"Suarez, Hull and Key",East Kristenfort
Kyle,Odonnell,Andrews-Harmon,Wallacemouth,Gabon
Sherry,Ponce,Petty Ltd,Holdenfurt,Isle of Man
Kirk,Villa,"Norris, Bailey and Campbell",Ericaside
Luke,Lucas,Snow-Avila,Pagebury,Belgium
Lynn,Tran,Ware LLC,Latoyaside,Tunisia
Brian,Beasley,Chaney-Porter,North Daryl,Burkina Faso
Christopher,Savage,Armstrong-Contreras,Port Isabellachester,Iran
Dominique,Mckinney,"Sharp, Fleming and Gregory",Port Erin
Dwayne,Crane,Mcdaniel and Sons,North Jessicaview,Montenegro
Autumn,Cuevas,Hahn Ltd,Mccoyfort,Burundi
Gregory,Collins,Fleming Inc,Port Grantton,Micronesia
Isaac,Schmidt,Clements-Ayala,West Jasminfort,Ukraine
Bradley,Rangel,Castillo and Sons,Lake Bianca,Montserrat
Paige,Page,"Mullins, James and Herman",Kaufmanfurt
Gwendolyn,Bradshaw,"Gay, Bush and Goodman",East Jonathan
Belinda,Ferguson,"Lewis, Bowman and Craig",Moralesport
Ivan,Hines,Aguilar Ltd,Lake Samantha,Qatar
Brett,Lin,"Mccoy, Larsen and Stevens",Nortonmouth
Katherine,Williams,Kelly PLC,Juarezville,Armenia
Andre,Burgess,Zhang-Stevenson,Mooremouth,Moldova
Laura,Decker,"Levy, Moyer and Fernandez",West Pamela
Tommy,Herman,Espinoza-Tyler,North Robert,United States Minor Outlying Islands
Amber,Lyons,Ward-Mcintosh,South Kaitlyn,Zambia
Shelia,Yang,"Coffey, Watson and Wilkins",Lake Edwintown
Russell,Martin,Duffy-Zuniga,East Megan,Angola
Yvette,Willis,"Hamilton, Solis and Salazar",South Tamarafort
Don,Ho,Stark-Glover,Riosport,Uganda
Ellen,Torres,Cook PLC,New Chelsey,Kuwait
Hayley,Morse,"Henry, Mcdonald and Austin",Lorrainefort
Ellen,Kerr,Duncan LLC,Port Jocelyn,Micronesia
Martha,Cruz,Copeland-Freeman,New Kaylashire,Bolivia
Douglas,Carson,Ferguson Ltd,Branchview,Israel
Toni,Cline,Robles-Davies,Ortegaside,Ecuador
Robyn,Berger,Suarez Group,South Karen,Lesotho
Calvin,Roach,"Wilkins, Goodman and Cummings",North Melvin
Angel,Park,"Barry, Thomas and Oconnor",South Marciafurt
Bradley,Delacruz,Mathis-Rocha,Ortegaland,Cote d'Ivoire
Donald,Cross,"Donovan, Key and Leblanc",Bruceville
Jeremiah,Guerrero,"Cole, Franco and Alvarez",New Erikville
Perry,Trujillo,"Yoder, Watkins and Singh",Lake Joyton
Brent,Beasley,Mendoza Group,South Kimberly,Antigua and Barbuda
Ariana,Velasquez,Stokes-Haney,South Codyfurt,Ireland
Don,Vincent,Norton-Watkins,Sanfordmouth,Luxembourg
Bradley,Blair,"Mullins, Huber and Dillon",Franciscochester
Henry,Conway,"Clarke, Fleming and Porter",Fordton
Norman,Waters,Welch-Romero,West Stacey,Rwanda
Breanna,Miranda,Mejia Group,Colinberg,India
Seth,Osborne,Rollins-Carson,East Kaylee,Holy See (Vatican City State)
Lydia,Ponce,Fitzgerald Inc,New Eduardo,Mongolia
Sherri,Bradshaw,"Ramos, Suarez and Jacobs",Dariusview
Alejandra,Lowe,Benjamin Group,East Petermouth,Western Sahara
Raymond,Bernard,Odom-Hull,Lake Karlaburgh,Burkina Faso
Patricia,Moss,Acevedo-Rasmussen,North Stacey,Belarus
Hector,Meyers,Hanna-Ortiz,New Mario,Tanzania
Pedro,Zhang,Conway-Stewart,Jacobmouth,Kazakhstan
Marco,Donaldson,Wagner and Sons,West Aprilberg,Canada
Shannon,Yoder,Whitney Ltd,Jofort,Nepal
Brian,Downs,Ramirez-Thompson,New Anitafurt,Kazakhstan
Dillon,Cooley,Luna and Sons,Port Micheleville,Ireland
Joyce,Chaney,"Stanton, Lane and Schmitt",North Francis
Angelica,Schaefer,"Jackson, Gibbs and Parker",Lake Sydney
Marcia,Horton,"Carter, Ford and Matthews",West Kendra
Sydney,Barr,Weiss LLC,East Courtneyview,Micronesia
Jay,Hodge,Wolf Ltd,South Rebekah,Guernsey
Angela,Jackson,"Reynolds, Patel and Rush",Reynoldsborough
Bethany,Barrera,"Swanson, Figueroa and Heath",Vickietown
Cindy,Valenzuela,Rojas LLC,Maychester,Chile
Christine,Camacho,Pace and Sons,South Daveville,Yemen
Tyrone,Hendrix,"Small, Osborne and Rojas",East Wayne
Roy,Gould,Beasley Ltd,Jackberg,Montserrat
Matthew,Mann,"Benton, Flowers and Snow",Aguirrebury
Taylor,Torres,"Gamble, Cooke and Lewis",Port Roberto
Hannah,Waller,Glenn and Sons,Fritzbury,Turkmenistan
Randy,Cannon,Le PLC,South Nancy,French Southern Territories
Adrienne,Hunter,Escobar-Cannon,Lake Glennside,Kazakhstan
Raven,Weaver,Bray PLC,Adamsfurt,Gibraltar
Isaac,Murillo,Conrad Inc,Port Ryan,Romania
Kelly,Branch,Barton Group,Port Beckymouth,Montserrat
Chelsey,Larson,Walls Inc,New Yolanda,South Africa
Rick,Marquez,Woods-Warner,New Taylorburgh,Bahrain
Tricia,Mckee,Macdonald Ltd,Port Kimberly,Turkmenistan
Rebecca,Blake,Young-Sawyer,East Casey,Somalia
Dan,Mcmillan,Wise-Mckay,South Jeremy,Uzbekistan
Sabrina,Hill,Park-Kaufman,Daveborough,Ireland
Victoria,Walter,"Kline, Cobb and Gregory",Francisside
Jorge,Hendrix,"Delacruz, James and Calhoun",Jerrychester
Jodi,Fox,"Walton, Davenport and Charles",Wallacestad
Sara,Vargas,Maynard LLC,Patelhaven,Senegal
Cynthia,Johns,Burns-Jimenez,South Shelley,Egypt
Jordan,Hanna,"Nguyen, Ruiz and Finley",Santosport
Maurice,Ramsey,"Everett, Humphrey and Zhang",Lake Dillonfort
Catherine,Nicholson,Mckee PLC,North Tracey,Netherlands
Sean,Todd,Rice-Wilkins,New Reginahaven,Bangladesh
Lacey,Bond,Dougherty-Day,Grantshire,Bangladesh
Katelyn,Wise,"Daugherty, Cooley and Joseph",New Alexa
Christine,Bowers,Davenport-Neal,Jacobmouth,Jamaica
Adam,Levy,Conrad Group,Bushview,Nepal
Hayley,Ellison,Tyler Inc,South Howard,Lao People's Democratic Republic
Vernon,Warner,Monroe-Mccoy,Zoefurt,Japan
Fernando,Townsend,Wyatt-Henry,Lake Joshuastad,Turkey
Walter,Parsons,Owen-Warren,East Alyssa,Mauritania
Brady,Hill,"Hull, Knight and Kerr",Montoyaberg
Loretta,Rice,Jimenez-Medina,Port Danburgh,Moldova
Hannah,Beck,"Gay, Ward and Villegas",Port Carlos
Jocelyn,Stephens,Macias-Burns,Kelleyview,Algeria
Benjamin,Chan,"Huerta, Potts and Crosby",East Emma
Caroline,Clarke,Reed-Tucker,North Sydney,San Marino
Cameron,Forbes,Cervantes-Hendrix,Rhodesside,Rwanda
Wyatt,Mclean,"Flowers, Kline and Bass",Spencerchester
Kendra,Waters,Gates Inc,Warnerport,Nicaragua
Tom,Bradley,Stone Ltd,Lonnieburgh,Trinidad and Tobago
Adrian,Frazier,Franco Group,Seanport,Ecuador
Beverly,Kirby,"Ruiz, Chase and Villa",Elijahchester
Priscilla,Stuart,Peck-Werner,East Max,Liechtenstein
Roberto,Hogan,Massey-Hoffman,East Javierfort,Aruba
Victor,Rogers,Walls-Randall,Gabriellafort,Kiribati
Alisha,Gallegos,Montoya-Mccarthy,Lake Christianton,Singapore
Stefanie,Fuller,Keith-Wyatt,Mcleanshire,Ukraine
Jackson,Grimes,Chan-Mcknight,Gayfurt,Kuwait
Miranda,Robles,Maynard-Ramos,Lake Kevin,Andorra
Gilbert,Bowers,"Russell, Ashley and French",Wyattborough
Jon,Gay,"Frey, Howard and Burns",Lake Mike
Julia,Davila,Montoya Group,Port Caleb,Aruba
Aaron,Potts,Berg-Cannon,Kathrynville,Bulgaria
Rachael,Jimenez,"Burnett, Vang and Delgado",Alextown
Lucas,Macdonald,Navarro-Patterson,West Baileystad,Benin
Kristopher,Sanders,Lamb-Oconnell,North Judyville,Comoros
Alexandria,Hutchinson,Fry Ltd,East Jake,Azerbaijan
Natasha,Schmitt,Russo PLC,New Tammy,Iceland
Jose,Acosta,"Schmitt, Wyatt and Rice",East Gailhaven
Cassidy,Dominguez,Dixon-Winters,South Annetteville,Bouvet Island (Bouvetoya)
Debbie,Savage,Carey Inc,Port Franklin,Cape Verde
Felicia,Burnett,Ortega and Sons,Lake Joyce,Saint Helena
Hayley,Gutierrez,Bridges-Keller,Alexandriamouth,Turkey
Melinda,Parrish,Carpenter PLC,East Wendy,Cook Islands
Jeremy,Keith,"Petersen, Rivas and Mayo",Bethanystad
James,Washington,"Fuentes, Park and Poole",East Darin
Karen,Leblanc,Farley Inc,Deanberg,Denmark
Ivan,Malone,Coffey Ltd,South Soniabury,Moldova
Jesus,Cox,Rush-Melton,Deniseburgh,Tokelau
Michelle,Lowery,"Warren, Randall and Durham",Parksfurt
Paul,Meyers,"Pham, Cabrera and Long",Port Mercedesberg
Eileen,Graves,Maxwell-Murillo,Antonioside,Saint Pierre and Miquelon
Christian,Jennings,"Lawrence, Mooney and Washington",West Kathryn
Don,Hendrix,"Blevins, David and Henderson",Wallaceville
Dominique,Summers,"Estes, Durham and Burgess",Rickyside
Wayne,Anderson,Manning-Pruitt,Haroldhaven,Samoa
Chloe,Franklin,"Mclean, Robles and Orr",South Craig
Carolyn,Hendrix,Jimenez Inc,West Ricky,Anguilla
Isaiah,Buckley,Davies-Hardy,Youngfurt,China
Gina,Townsend,Jacobs Inc,Tommyshire,Solomon Islands
Stefanie,Grant,"Rojas, Gamble and Jensen",New Derrick
Cole,Combs,Rocha-Dawson,Port Gregoryfurt,Guinea-Bissau
Suzanne,Pope,Haley-Coleman,East Renee,Slovenia
Gabriel,Green,Branch-Barry,Toddside,Central African Republic
Jeanne,Atkinson,"Swanson, Landry and Jackson",Alexfort
Lindsay,Ferguson,Randall-Franco,North Karihaven,Montserrat
Ronald,Byrd,"Ramos, Hoover and Saunders",West Dan
Marco,Holden,"Fleming, Parrish and Andersen",Port Beth
Isabel,English,Leblanc PLC,Anthonyport,Monaco
Nichole,Green,Chambers LLC,New Thomasbury,Tokelau
Joann,Gonzales,"Bray, May and Riggs",North Tracieview
Francis,Miller,Harrell-Pacheco,Lake Yvetteberg,Dominica
Stuart,Valdez,"Dickson, Wilcox and Hatfield",East Glenn
Tricia,Berg,Le-Banks,Port Gavin,Iceland
Roger,Bauer,Braun-Morton,South Herbertmouth,Kyrgyz Republic
Tanner,Hernandez,Mooney Inc,Adamston,Bouvet Island (Bouvetoya)
Ellen,Cisneros,Larsen Ltd,Popeland,Belize
Latasha,Hancock,Massey-Myers,West Leroyview,Bangladesh
Jenna,Lamb,Mosley LLC,Toddborough,Ecuador
Francis,Ball,"Schaefer, Bowers and Li",Port Michaelafort
Jade,Archer,"Fischer, Vang and Skinner",Berrymouth
Zachary,Parker,Ewing and Sons,Port Glennborough,Burkina Faso
Karen,Kent,Dickerson Inc,Hofurt,Luxembourg
Joshua,Dalton,Cross PLC,Lake Troyville,Nepal
Kiara,Ashley,Watson-Delgado,Francohaven,Nigeria
Doris,Greene,"Jacobs, Velazquez and Estrada",Lake Omar
Helen,Kaiser,Petty-Joseph,New Katrinaview,Heard Island and McDonald Islands
Ariel,Francis,"Flores, Peters and Leon",Meyerfurt
Heidi,Singleton,"Glenn, Peck and Ashley",East Alberthaven
Guy,Keller,Callahan-Walters,Lake Morgan,San Marino
Meghan,Moses,Henry LLC,Bernardmouth,Holy See (Vatican City State)
Jodi,Moran,Ashley-Johns,North Lacey,Solomon Islands
Heather,York,Morrison Ltd,Alexville,Senegal
Gail,Salazar,Barnett Group,North Isaacport,Saudi Arabia
Tammy,Cantu,Estes-Evans,North Chelseyland,Senegal
Olivia,Mcgrath,Duran PLC,East Chelseyfurt,Vietnam
Michele,Case,Mathis-Young,South Roberta,Equatorial Guinea
Matthew,Brock,"Gregory, Harrison and Roman",Elizabethburgh
Jenna,Henry,Clements-Roberts,Tommyshire,Jamaica
Kristina,Hunter,Fry-Melendez,East Isaac,Ecuador
Shirley,Bowman,Roman LLC,East Dianeport,Reunion
Allison,Walter,"Frost, Herring and Maxwell",Prestonchester
Frances,Beltran,"Hunt, Howard and Black",Lake Lindseyberg
Bailey,Waters,Fox-Frey,South Gary,Swaziland
Jeanne,Horn,Cisneros and Sons,Lake Billy,New Caledonia
Jermaine,Hodges,Fields-Frederick,Lake Marilynhaven,Cayman Islands
Jeremy,Clayton,"Contreras, Hester and Baird",North Renee
Tracey,Hardy,Valentine-Murillo,Blanchardfurt,Libyan Arab Jamahiriya
Leslie,Mcmahon,Adkins and Sons,East Dominique,Brazil
Peter,Moore,Costa and Sons,West Debrahaven,Palau
Ian,Krueger,Cobb and Sons,West Melvin,Puerto Rico
Crystal,Choi,Mendoza-Franklin,South Monica,British Virgin Islands
Lydia,Peterson,"Downs, Bentley and Gallagher",Port Christiemouth
Douglas,Waters,"Lambert, Irwin and Jackson",Natalieton
Tonya,Bond,Gill-Herman,North Joshua,Luxembourg
Caleb,Henson,Hahn Group,Andradeberg,Bangladesh
Tristan,Lynch,Forbes-Collier,South Spencer,Belarus
Tami,Mendoza,Calhoun Ltd,East Savannah,Cape Verde
Leslie,Howe,Johnston PLC,New Cody,Liechtenstein
Luke,Perez,Lozano LLC,Phillipchester,Thailand
Gina,Rowe,Hebert Inc,Jocelynmouth,Central African Republic
Darius,Riggs,Best Ltd,North Philip,Moldova
Hailey,Hart,"Lozano, Everett and Vargas",Chungbury
Larry,Paul,Gilbert Inc,Lukeside,Cayman Islands
Krystal,Woods,Stewart-Krueger,Crystalburgh,Taiwan
Tabitha,Reilly,Kerr Inc,Taylorshire,San Marino
Roberta,Quinn,Oneal Group,North Phillip,Egypt
Reginald,Pitts,Perry Inc,Clarenceton,Samoa
Jesus,Rogers,Shields PLC,Jarviston,Afghanistan
Roberto,Roy,"Gonzales, Cochran and Madden",South Dustin
Jillian,Mccullough,Melton and Sons,New Gerald,Martinique
Alan,Valenzuela,Avila-Melendez,Birdtown,United States Minor Outlying Islands
Kristy,Dixon,Norris-Day,Ebonymouth,Holy See (Vatican City State)
Henry,Holland,Eaton-Burnett,North Julian,Gabon
Diana,Cox,Lin-Fowler,Tanyastad,Macedonia
Sara,Middleton,Maxwell-Kennedy,East Ray,Nicaragua
Jade,Jimenez,Mosley-Knox,Wolfeborough,Dominica
Carmen,Mcclain,Curtis-Lyons,Harryfort,Nauru
Wanda,Sanchez,"Raymond, Contreras and Wall",Tuckerfurt
Valerie,Wilcox,Dennis PLC,Coreychester,Tuvalu
Chloe,Hurst,Jacobs and Sons,Duncanview,Tajikistan
Virginia,Goodman,Salazar Ltd,Jameston,Morocco
Erin,Woods,Dawson Group,South Brandonville,Pakistan
Cassidy,Bruce,Castaneda Group,East Eugene,Congo
Sally,Hinton,Glover-Mccoy,Guyside,Montserrat
Jessica,Randolph,Cruz-Chandler,Holdenfort,Qatar
Kelly,Hogan,Estrada PLC,Jaimeberg,Saint Vincent and the Grenadines
Derek,Chung,"Cooke, Downs and Hines",North Adriana
Shirley,York,Nolan-Hardy,Rodriguezbury,Brunei Darussalam
Cody,Potts,"Acosta, Robbins and Nash",Lunaville
Erin,Gill,Mosley-Whitney,South Rachelchester,Iran
Nicole,Vargas,Powell LLC,Alvaradoton,Vietnam
Sharon,Mack,"Vaughn, Kelly and Meza",Odonnellberg
Monica,Lopez,"Farrell, Mcclain and Kaiser",Latoyabury
April,Jones,"Daniel, Rowland and Heath",Fryeville
Johnny,Reeves,Holden-Camacho,Lynnborough,Chad
Brandi,Owens,Bray-Nelson,Lake Jacobstad,Dominican Republic
Max,Rasmussen,"Graves, Hardin and Cummings",West Tammieport
Christian,Moore,Cherry and Sons,South Anne,Gambia
Tyrone,Holloway,Peters-Perez,Pachecoburgh,Tonga
Victor,Ferguson,Lawrence and Sons,Turnerfort,Comoros
Logan,Carroll,Chaney and Sons,Melissaville,Swaziland
Alexis,Hawkins,Beck PLC,West Nathaniel,Eritrea
Diane,Reid,Mendoza Inc,West Mikehaven,Sweden
Dylan,Sweeney,Mccarthy-Leblanc,Goodmanborough,Brunei Darussalam
Craig,Gonzales,Clayton-Sutton,Darinshire,Falkland Islands (Malvinas)
Jill,Cardenas,Williamson-Franco,West Kerrifort,Brazil
Timothy,Chambers,Alexander-Farrell,Pammouth,Afghanistan
Jaime,Terrell,Castaneda and Sons,Gilesburgh,Czech Republic
Alejandro,Hancock,Cooley and Sons,Lake Trevorton,Ghana
Gregg,Rodriguez,Roberts-Hernandez,Leonardberg,Gambia
Deanna,Pacheco,"Heath, Collins and Pierce",Georgeton
Mariah,Barton,Molina-Miranda,Hebertchester,French Southern Territories
Valerie,Branch,Atkins-Hodges,Port Jenna,Gabon
Jonathan,Norman,Mays-Benjamin,Josephview,Trinidad and Tobago
Samuel,Drake,"Myers, Krueger and Sampson",South Tonya
Riley,Aguirre,Hicks PLC,East Sally,Senegal
Jermaine,Baker,"Ryan, Conner and Boyle",North Diamond
Holly,Hartman,"Rivas, Payne and Arellano",Dianamouth
Haley,Frost,Benitez LLC,Watsonfort,Ethiopia
Lindsay,Crane,Ramos-Howard,South Gabriela,Faroe Islands
Adriana,Bartlett,Wheeler PLC,West Roystad,Svalbard & Jan Mayen Islands
Bethany,Ruiz,"Chambers, Castillo and Graves",South Andreachester
Gabriel,Weaver,"Hutchinson, Hicks and Austin",Longton
Jimmy,Heath,"Jenkins, Clarke and Faulkner",Coxburgh
Craig,Powers,"Trujillo, Hurst and Ortega",Grantmouth
Colin,Howard,Glass-Shepard,Alexberg,Australia
Edgar,Zhang,Francis Ltd,New Reginafort,Yemen
Carolyn,Lucero,Rojas-Ross,Charlottestad,Bosnia and Herzegovina
Tonya,Parsons,Meyer LLC,South Charleneport,Rwanda
Marc,Small,Trevino-Bennett,Bennettmouth,Colombia
Dakota,Elliott,"Marks, Mora and Bender",South Charleneport
Hector,Barry,Hunt Group,Wumouth,Gabon
Morgan,Wells,Mcmillan-Ramos,East Yvetteside,Thailand
Maxwell,Glenn,"Everett, Holmes and Sheppard",Miketown
Melody,Young,Peck-Rivers,Port Harold,Switzerland
Alejandro,Sutton,Byrd PLC,Lake Franklinland,Colombia
Jermaine,Banks,Harvey LLC,Lake Martha,South Georgia and the South Sandwich Islands
Terry,Woodward,Hicks Inc,Schultzbury,Syrian Arab Republic
Tanner,Cherry,Mclaughlin-Lucas,Noahview,Kyrgyz Republic
Troy,Elliott,Sosa LLC,South Robertbury,Equatorial Guinea
Barry,Rubio,Brock and Sons,Dalemouth,French Guiana
Samantha,Lutz,Mcdonald Inc,Lake Hayden,Bahamas
Wendy,Trevino,Wells and Sons,Port Louis,Saint Lucia
Greg,Mcneil,Mcclure-Thomas,Alfredhaven,British Indian Ocean Territory (Chagos Archipelago)
Rita,Hutchinson,Galvan Inc,Arroyoland,Liechtenstein
Rose,Robertson,"Chambers, Bernard and Rivas",West Brandonfurt
Paige,Aguirre,Black-Pruitt,Russellland,Benin
Xavier,Terry,"Ray, Maxwell and Olson",North Ritachester
Michaela,Thornton,Riggs-Rodgers,West Victoria,Norfolk Island
Kyle,Rojas,"Hoffman, Brandt and Gay",West Tyrone
Devin,Baxter,"Kirby, Lang and Galvan",Lake Xaviertown
Omar,Farmer,"Fuentes, Mcguire and Mendoza",Tatemouth
Desiree,Vang,"Patel, Donovan and Branch",Wigginsbury
Fernando,Wade,Chan-Good,Rosebury,South Georgia and the South Sandwich Islands
Anne,Winters,Gay LLC,Lewisview,Monaco
Glenn,Harrell,Vincent and Sons,Lake Douglas,India
Tracey,Boyd,Mcmahon-Hale,South Victorhaven,Niger
Catherine,Becker,Ware and Sons,Christyville,Christmas Island
Sharon,Farrell,Collins-Kline,New Aliciaberg,Gabon
Clinton,Schwartz,Horton Inc,Reedland,Greece
Sheri,Perez,"Velasquez, Haynes and Parks",East Krystalland
Beth,White,Wiggins-Horne,East Hunterburgh,Israel
Cole,Benitez,"Daniel, Phillips and Garrett",Lake Amanda
Caleb,Chapman,Mullen-Burgess,Port Stanleyside,Kiribati
Glen,Eaton,"White, Harding and Gilbert",Rosefort
Cristina,Hanna,Mcconnell-Mccarty,West Arianafurt,Central African Republic
Kathy,Owens,Irwin Inc,Keithchester,Brunei Darussalam
Rachael,Keith,"Gentry, Hurley and Gomez",Shannonstad
Marcus,Thompson,Prince-Hodges,New Gwendolyn,Albania
Norman,Mclean,"Crosby, Ayers and Burch",South Stephen
Brandon,Cross,"Delacruz, Hodge and Snow",North Leon
Autumn,Soto,Ho-Long,Lake Deanna,Niger
Jaime,Cervantes,"Garrison, Mccall and Bowman",North Kristinside
Reginald,Blankenship,"Holmes, Warner and Barrett",North Carly
Chelsey,Mcknight,Morse Group,Fordborough,Djibouti
Clayton,Lindsey,Gilmore Ltd,North Sean,Greenland
Kurt,Prince,Humphrey-Cain,Ronnieberg,United States of America
Joy,Choi,Montgomery Group,West Jermaineton,Dominica
Jeremiah,May,Larson LLC,Gabrielleland,Macao
Candice,Huang,"Barrera, Conway and Holland",New Joanneberg
Alejandra,Tran,"Blackburn, Hampton and Conway",Karatown
Shaun,Richardson,"Cunningham, Grimes and Cameron",Rachelview
Darryl,Russo,Copeland and Sons,Scottstad,Nicaragua
Joe,Cabrera,Wilkinson LLC,Kimberlystad,French Southern Territories
Travis,Duran,"Vincent, Watson and Esparza",Port Russellmouth
Warren,House,"Frazier, Cain and Santos",Lake Devonmouth
Katherine,Haas,"Villegas, Stanley and Calderon",South Tonya
Karen,Burton,Stein-Hess,South Andres,Cote d'Ivoire
Logan,Riddle,"Leach, Gutierrez and Villarreal",Weberview
Kathryn,Hester,Lam and Sons,Port Paigefort,American Samoa
Christina,Villegas,"Mercado, Ewing and Villa",Vickimouth
Joel,Walters,Cuevas-Vaughn,Carlsonfort,Cayman Islands
Frederick,Delacruz,"Beck, Lambert and Sweeney",Brianbury
Warren,Cantrell,"Hood, Mora and Murphy",Whitneyburgh
Melvin,Bates,Fry-Roy,Karinabury,Vanuatu
Meredith,Pollard,Gilmore Ltd,Anthonyshire,Sudan
Dawn,Hines,"Kane, Roman and Osborne",Collinstown
Audrey,Goodman,Jenkins-Murillo,South Rogerhaven,Yemen
Kurt,Waters,Molina and Sons,Port Shane,Papua New Guinea
Eugene,Harper,"Rowe, Aguirre and Holloway",East Josephfurt
Caleb,Eaton,"Franco, Blankenship and Nolan",Rileyburgh
Kaitlin,Mejia,"James, Bowman and Bass",Lake Alechaven
Jennifer,Mercado,Espinoza LLC,South Vanessaton,Cayman Islands
David,Cardenas,Cortez-Flowers,Tanyabury,Bahamas
Jenny,Reid,French-Norris,Karenmouth,Malaysia
Lonnie,Frye,Fox-Small,Carlsonfurt,Panama
Janice,Mayer,"Cobb, Chen and Fitzgerald",Port Sheenaborough
Debbie,Bates,"Fox, Lara and Short",South Toddchester
Jean,Christian,Sawyer Group,Hartburgh,Jordan
Philip,Harding,Burgess-Stephenson,Jenniferland,Turkmenistan
Jillian,Oneal,Chambers Inc,Knoxton,Cape Verde
Mindy,Christian,Fox PLC,Jesusfort,Liechtenstein
Bobby,Mclean,Mosley Group,West Normanborough,Cote d'Ivoire
Amanda,Santos,Camacho-Lamb,Freemanberg,Antigua and Barbuda
Ralph,Buckley,"Tate, Wall and Trujillo",New Tara
Brian,Montoya,Short and Sons,West Mirandaside,Gabon
Joann,Dyer,Salinas-Stephenson,Lake Chadside,Nigeria
Rhonda,Cook,Pennington-Lee,Zamoraburgh,Lebanon
Charlene,Huffman,"Henry, Weeks and Cantu",Stanleybury
Abigail,Shah,Ortiz LLC,Mercadoland,Sierra Leone
Frances,Bridges,Lane and Sons,Port Virginiaside,United Arab Emirates
Belinda,Kaiser,Hull Inc,Phillipsbury,Malawi
Michael,Griffin,"Finley, Molina and Ortega",West Sophiafort
Brooke,Briggs,"Daugherty, Bond and Mcmillan",Mezaview
Desiree,Sloan,Mccann and Sons,North Kyle,Vanuatu
Jared,Floyd,Waters-Novak,East Tylerton,Jersey
Latasha,Spencer,Castro LLC,North Kimberlychester,Honduras
Joy,Mack,Blackwell Group,North Stevestad,Latvia
John,Rhodes,"Luna, Flowers and Beck",Port Sylviaton
Claire,Schaefer,Lynch-Pittman,Stuartmouth,Algeria
Judy,Nguyen,Graham LLC,Lindsayburgh,Uruguay
Andrea,Dennis,Kramer Ltd,Colemanfurt,China
Karla,Middleton,"Bradshaw, Mcbride and Gamble",Mayton
Sean,Coffey,Kirby-Coffey,Silvaberg,Anguilla
Nichole,George,Stout Group,West Charlotte,Greece
Justin,Dougherty,Gregory PLC,Greerbury,Netherlands
Devon,Smith,Morgan PLC,Brandtville,Libyan Arab Jamahiriya
Becky,Scott,Coffey-Mcgee,Haroldport,Jersey
Misty,Espinoza,"Baxter, Sims and Braun",Mataport
Franklin,Rivers,Beasley-Lewis,East Joan,Reunion
Leonard,Barber,Stevens Ltd,Lake Jasmineview,Rwanda
Lonnie,Price,"Ibarra, Horton and Williams",North Kirk
Clarence,Cantu,Dudley LLC,Robertstown,Gambia
Johnny,Foster,"Terry, Fletcher and Mclean",South Chelseyton
Richard,Vasquez,Glenn PLC,Stanleyhaven,Burundi
Tabitha,Compton,Cantu-Hunt,West Tammietown,Mozambique
Adrienne,Wong,Barrera PLC,Anthonyberg,Gibraltar
Jorge,Farrell,Delgado LLC,Dylanberg,Australia
Kathy,Richards,Ellis Inc,Fieldsside,Turks and Caicos Islands
Larry,Ellison,"Horne, Lloyd and Bolton",South Cristian
Gabrielle,Chaney,"Acevedo, Randall and Harrell",Tanyachester
Maxwell,Macias,"Marquez, Poole and Chang",New Edwin
Joyce,Chan,Crawford-Nielsen,Isaiahfurt,Serbia
Kari,Durham,Durham-Dean,Lake Julianberg,Greece
Trevor,Mckee,Moss LLC,North Reginaton,Togo
Diana,Thomas,Ali-Stark,Rodriguezfurt,Greece
Cynthia,Moss,Colon LLC,West Matthewside,South Georgia and the South Sandwich Islands
Billy,Garrison,"Travis, Nichols and Farmer",Andreburgh
Grace,Austin,"Petersen, Barrett and Leon",North Yvetteview
Kerri,Hamilton,Hart and Sons,North Karaside,Yemen
Kaylee,Wright,"Randolph, Butler and Burgess",North Douglas
Manuel,Delacruz,"Wilson, Kline and Bullock",Port Cassandrastad
Helen,Baxter,Schneider and Sons,Garrisonberg,Bolivia
Leon,Hendricks,Hood Inc,South Angelica,Chad
Henry,Contreras,"Rice, Simpson and Russell",New Michellefort
Gerald,Tanner,Fritz LLC,West Leslie,Western Sahara
Ariel,Arnold,"Stokes, Floyd and Bradford",Michaelport
Judy,Fisher,Riggs-Beltran,Juliestad,Fiji
Miguel,Wood,"Cooke, Mcgrath and Morse",East Douglasberg
Lance,Gillespie,Collier-James,South Timothy,Lebanon
Natalie,Wang,Holt Group,Mercadofurt,Macao
Charlotte,Byrd,Benson-Gardner,West Rita,Ireland
Chelsea,Wagner,"Hurley, Shepard and Harrell",Port Cristianview
Larry,Rollins,"Michael, Cunningham and Ellison",Krausefurt
Paul,Leblanc,Holmes-Gates,South Heathershire,Rwanda
Caitlin,Vance,"Phillips, Frazier and Blair",New Julia
Adam,Shaffer,Diaz-Harrell,Garymouth,Tajikistan
Martin,Rocha,Hall-Daugherty,Oneillfurt,Niger
Ronnie,Erickson,"Miller, Lucero and Mccann",South Miamouth
Sheryl,Delgado,Manning Ltd,Tracyfurt,Liechtenstein
Kristen,Williamson,Doyle-Rodgers,East Kayleetown,French Southern Territories
Cole,Warner,Grimes Inc,Port Kylieside,Bhutan
Lee,Mercado,Pierce-Wilkinson,East Normaville,Panama
Paula,Bates,Lin Group,Phillipsville,Taiwan
Claire,Shaw,"Ayala, Krause and Hendrix",Anthonyville
Amy,Mclean,"Rasmussen, Pacheco and Mccann",Shortmouth
Joshua,Winters,Bolton Inc,South Terry,Luxembourg
Brian,Pittman,"Friedman, Montes and Valenzuela",West Meredithshire
Jeffrey,Waters,Montoya Inc,Jesseville,Bouvet Island (Bouvetoya)
Denise,Barber,Terry-Walls,East Katelyn,British Virgin Islands
Wayne,Sanders,Patel Group,Lucasmouth,Tokelau
Sandra,Sparks,"Allison, Fox and Norris",Carneyfurt
Jose,Singleton,Mcfarland-May,Haleyfurt,Azerbaijan
Joel,Shea,Richmond-Horne,South Alisha,Palau
Sergio,Marquez,Arroyo-Braun,South Kelli,Chile
Latoya,Decker,Cooke and Sons,East Franceshaven,Mauritania
Chase,Guerrero,"Mccarty, Quinn and House",Armstrongtown
Jeff,Tate,Brennan Inc,East Robertatown,Nicaragua
Brandy,Valentine,"Kidd, Gibson and Ramos",Janetchester
Jade,Vega,"Ruiz, Mcfarland and Terrell",Lake Jaclyn
Melody,Nielsen,"Rush, Snyder and Bridges",North Chris
Brandon,Webb,Ferrell-Fitzgerald,Reyesstad,Peru
Jean,Mclaughlin,"Rivas, Frey and Figueroa",Thomasstad
Albert,Case,"Henson, Heath and Delgado",Lake Lonnieberg
Jose,Duarte,Robertson Inc,Kristaland,Reunion
Jennifer,Brady,Hampton-Riddle,Stanleyborough,Zimbabwe
Angel,Conner,"Banks, Pierce and Romero",Port Marieland
Alyssa,Gamble,"Mcclure, Raymond and Mccoy",Olsontown
Lawrence,Campos,Pittman LLC,Heathfurt,Uganda
Joyce,Michael,"Maddox, Wiley and Vincent",New Soniatown
Doris,Fox,"Hudson, Fritz and Mcdaniel",Huntville
Johnny,Harris,Costa-Franklin,New Rickstad,Norway
Leroy,Vargas,Acevedo Ltd,Reillyburgh,Ghana
Diana,Green,Bishop PLC,South Andrewville,Kazakhstan
Victor,Bowman,Nolan PLC,North Johnnymouth,Panama
Alexis,Perry,Tanner-Mullen,Darrylstad,Faroe Islands
Xavier,Mooney,"Boyer, Hatfield and Powers",South Antoniochester
Lawrence,Gross,Miles-Hodge,Bradleymouth,Ukraine
Albert,Myers,Davies-Benitez,Port Moniquehaven,Honduras
Mikayla,Oneal,Cannon Ltd,Terrancetown,Tajikistan
Frederick,Mcgrath,Dennis PLC,Port Jodyland,Falkland Islands (Malvinas)
Kirk,Benitez,"Bates, Baird and Bryan",Sharonside
Alex,Mcdonald,Bradford PLC,Candacestad,Egypt
Trevor,Hayden,Jackson-Trujillo,Lake Angie,Bangladesh
Sherry,Lane,Randall and Sons,West Joel,Antigua and Barbuda
Mallory,Pratt,Landry-Carpenter,Payneport,Malta
Daniel,Flores,Barajas-Gordon,South Carrieshire,Guatemala
Jesus,Kane,Conrad and Sons,Clarketon,Brunei Darussalam
Gilbert,Hendricks,"Goodman, Hinton and Douglas",South Francisco
Kerry,Sanders,Larsen-Murray,New Grantshire,Montserrat
Alexandra,Davidson,"Morrison, Ballard and Alvarado",South Latoya
Vincent,Carey,Murphy-Lopez,South Clayton,Jamaica
Parker,Russo,Foley-Yoder,East Dorothy,Malawi
Ebony,Velasquez,Casey-Krause,Dennisfurt,Mexico
Jesus,Holden,Carlson Ltd,Cathyton,Saint Barthelemy
Candace,Chen,Raymond-Romero,Stacystad,Aruba
Juan,Saunders,Gillespie Inc,Sotoberg,Taiwan
Richard,Serrano,Beasley Group,North Raven,Kyrgyz Republic
Rick,Barrera,"Wells, Gallagher and Robles",Jermainetown
Meagan,Hoover,Chapman Group,Piercemouth,Tanzania
Larry,Huff,Knapp-Hill,New Reneemouth,Samoa
Kelli,Gonzales,Miles Ltd,Lake Dominique,Slovenia
Crystal,Howard,Stokes-Boyle,Guerreroshire,Ecuador
Frank,Walter,Barnett-Floyd,Yolandatown,Saint Pierre and Miquelon
Rhonda,Donaldson,Graham-Blackwell,Autumnland,Christmas Island
Lisa,Duran,Brennan-Spencer,East Sabrina,Senegal
Isabel,Cisneros,"Salas, Kelly and Johns",Blakechester
Bianca,Jennings,"Cooper, Romero and Mcneil",Ethanburgh
Leon,Lang,"Vazquez, Compton and Kane",North Tyler
Luis,Zamora,Knox Ltd,Summerstown,Saint Barthelemy
Mitchell,Chang,"Mclean, Sheppard and Pearson",Mannport
Edgar,Terry,Mosley-Mata,New Ann,Bulgaria
Norman,Howard,Carpenter and Sons,Tammyberg,Sri Lanka
Fred,Alvarez,"Roberts, Solis and Carpenter",Port Katherineside
Lauren,Nunez,Nichols-Key,Haysmouth,France
Kristen,Terry,Howe-Mathis,South Rogerville,Niue
Olivia,Cross,Richard-Lutz,Rickburgh,Uganda
Leonard,Pennington,"Elliott, Combs and Mcpherson",Tammieborough
Nathan,Bryan,Kane Inc,Walshshire,Jordan
Theresa,Gallegos,Spence Ltd,Dorisport,Togo
Jamie,Hayes,"Harvey, Foley and Rush",Orrfurt
Wayne,Herring,Brooks PLC,Johnburgh,United States Minor Outlying Islands
Allison,Franco,Willis PLC,South Cesarburgh,Japan
Ronald,White,"Ferguson, Knapp and Mathews",West Normaton
Deborah,Taylor,Pope and Sons,Port Roberta,Macedonia
Shari,Bender,Lamb-Valenzuela,North Guy,Falkland Islands (Malvinas)
Brooke,Gibbs,"Burnett, Atkins and Norris",East Isabel
Ashley,Melton,Oneill-Dickerson,West Stacy,Anguilla
Teresa,Hart,"Kane, Fry and Landry",Perkinsbury
Bonnie,Erickson,Drake Inc,Lake Donbury,Rwanda
Ruben,Trevino,Mcneil-Hancock,South Linda,Turkey
Fernando,Perez,"Huang, Preston and Stevens",West Melody
Katelyn,Cabrera,"Brown, Valentine and Velez",New Miguel
Sylvia,Lin,Rivas-Alexander,Lake Juanport,Nauru
Margaret,Snyder,Sharp-Oconnor,Cliffordburgh,Brazil
Trevor,Schwartz,Mcdowell-Chang,Bradfordmouth,Isle of Man
Bethany,Colon,"Greene, Mcconnell and Frye",Flemington
Dustin,Vaughan,"Ramos, Bishop and Montgomery",Port Ebonyhaven
Jim,Oconnell,Rodriguez and Sons,Roseport,New Caledonia
Kerry,Roberts,"Leon, Morgan and Huff",Lake Rachael
Allen,Mcgrath,Parker PLC,Dawsonshire,Saint Kitts and Nevis
Darlene,Ware,Stafford-Green,East Glenn,Grenada
Jane,Roman,Franco Inc,North Grace,Estonia
Sheena,Burns,"Wade, Mills and Walters",South Tashatown
Patricia,Cole,"Phelps, Hobbs and Pratt",North Elaine
Shannon,White,Mitchell-Castaneda,Huffville,Korea
Mandy,Farley,Lozano-Wilkins,Powersstad,South Africa
Walter,Barber,"Howell, Burgess and Vega",North Suzanneberg
Summer,Fox,"Bates, Medina and Hudson",Kimberlyberg
Jeffery,Stuart,Tate-Gordon,Coxburgh,France
Carla,Saunders,Allen-Brandt,North Darlenemouth,Zimbabwe
Dustin,Herman,"Bean, Morse and Reed",Georgemouth
Melody,Mckay,Paul Ltd,Claireberg,Czech Republic
James,Ward,Marsh and Sons,Michaelashire,Anguilla
Jasmine,Berry,Garcia-Chaney,Port Rick,Djibouti
Vanessa,Webb,"Flowers, Henry and Craig",Hatfieldbury
Jermaine,Diaz,Hicks-Chandler,South Seth,Montserrat
Mary,Holder,Lynch Group,Lake Jessicachester,Slovakia (Slovak Republic)
Johnathan,Mclaughlin,"Brewer, Mckinney and Taylor",South Theresafort
Tracey,Massey,"Pitts, Klein and Gregory",North Theodore
Tristan,Brooks,Pope and Sons,Ryanshire,Antarctica (the territory South of 60 deg S)
Sara,Gilmore,Guerrero Inc,Lake Fred,Kuwait
Norma,Page,Carroll-May,Kruegerside,Cambodia
Levi,Todd,Roberts and Sons,Lake Justin,Cook Islands
Anthony,Curtis,Orozco LLC,Tylermouth,Grenada
Kristine,Hawkins,Schwartz-Fernandez,Juanstad,Gambia
Ann,Levy,Spence Inc,New Dillonshire,Armenia
Laurie,Mccoy,"Mullins, Cohen and Atkins",Princechester
Stephanie,Rivera,"Arroyo, Wagner and Christian",Cervantesmouth
Ebony,Yang,Boyd Ltd,East Edwin,Turks and Caicos Islands
Norman,Morton,"Vaughn, Beasley and Holland",West Vanessahaven
Joann,Holder,"Cochran, Grant and Blake",Margaretfurt
Catherine,Davis,Orr Group,Erikatown,Cape Verde
Grant,Mercado,Rich-Pugh,West Jessicastad,Papua New Guinea
Jessica,Aguirre,"Barron, Stark and Hill",Kristinefurt
Trevor,Bowers,Richmond-Cardenas,Juliafort,Bangladesh
Autumn,Norris,Peterson-Boyd,New Alvin,Madagascar
Nancy,Price,Burch-Barr,Darrenmouth,San Marino
Kevin,Lozano,"Fletcher, Frazier and Baxter",Lake Francisfurt
Dale,Hendricks,Levine-Larsen,Carrfurt,Turkmenistan
Alexis,Carroll,Foley Inc,New Kristi,Qatar
Javier,Bowers,"Flores, Rodgers and Flores",New Samantha
Zoe,Guerra,Hogan-Butler,North Bethanyhaven,Qatar
Tim,Henson,"Keith, Stephens and Wyatt",Maddenmouth
Tim,Larson,"Hurley, Bentley and Acosta",Lake Lindaton
Brian,Banks,Solomon-Cortez,Lyonsberg,Cambodia
Destiny,Cooke,Mueller-Kent,North Shaun,Saint Pierre and Miquelon
Austin,Bright,Aguilar PLC,Rebekahshire,Dominican Republic
Briana,Davis,Stone-Floyd,Castanedamouth,Kiribati
Darius,Lara,Castillo-Lang,East Yolanda,Northern Mariana Islands
Toni,Rhodes,"Meyer, Lamb and Flynn",Deniseburgh
Warren,Willis,Small-Wade,South Gracebury,Mongolia
Colleen,Cordova,Glover-Pearson,West Marilynchester,Slovakia (Slovak Republic)
Marie,Norman,"Bush, Knapp and Gaines",Alexaside
Jasmine,Morrison,"Morrison, Graves and Odom",Skinnerland
Catherine,Perkins,Meyers and Sons,West Gabriela,Honduras
Nancy,Williams,Gordon-Hayes,Masseytown,Burkina Faso
Noah,Hebert,Gomez-Lester,Ortizside,Tanzania
Latoya,Gillespie,Peters-Cruz,West Coreyview,Haiti
Chelsea,Oneal,"Haney, Curry and Griffith",Mcdanielhaven
Katie,King,Schaefer-Bullock,East Rodneyland,Malta
Colin,Doyle,"Carroll, Walsh and Benjamin",Lesliefurt
Sonya,Schroeder,Curry Inc,Petersburgh,Nicaragua
Kayla,Guzman,"Ali, Fleming and Madden",Kiddfort
Christie,Jenkins,Lloyd Group,East Angieside,Dominica
Joanne,Ferguson,"Reed, Navarro and Barber",Baileyside
Yolanda,Robinson,Carey Ltd,West Tyronestad,Wallis and Futuna
Katie,Craig,Garrison-Gordon,North Jamiemouth,Oman
Dakota,Chavez,"Byrd, Hart and Pham",Brewerbury
Johnny,Randolph,"Rivas, Maxwell and Farley",East Daniellestad
Collin,Alvarez,Ho LLC,Port Lawrence,Jordan
Cassidy,Melton,"Guerra, Boyd and Palmer",Lorettaland
Adam,Singh,Johns Group,Lake Mckenzieville,Bolivia
Hayden,Pugh,Woodward-Guerra,New Marc,Israel
Kellie,Salas,"Cross, Kennedy and Bray",East Jeanne
Caleb,Watkins,Nelson LLC,Levihaven,Luxembourg
Troy,Fritz,Mercado PLC,South Taylor,Cuba
Phillip,Duffy,"Booker, Ritter and Daugherty",Lake Emily
Claire,Robinson,Lynch Inc,West Kevin,Tonga
Jackson,Estrada,"Webster, Weeks and Vasquez",Chadborough
Tiffany,Peterson,"Chambers, Montoya and Gray",New Christianburgh
Jessica,Carlson,Black Group,Salazartown,Grenada
Alvin,Roy,Thornton Group,Brittneyton,Israel
Harold,Paul,"Griffin, Stanton and Clements",Staffordhaven
Rodney,Underwood,Griffin-Lam,Yvonnemouth,Iceland
Adrian,Herman,Terrell-Schultz,North Beverly,Iraq
Clifford,Phillips,Ramsey LLC,Lake Blake,Martinique
Regina,Mccoy,"Ponce, Malone and Waller",Burchchester
Kaylee,Bowers,Horn LLC,Johnsonland,Pakistan
Reginald,Frederick,"Burke, Hopkins and Bradley",Douglasstad
Shelby,Reese,Walton-Greene,New Margaret,Tunisia
Connor,Gentry,"Maldonado, Lowe and Espinoza",West Cristian
Kevin,Fleming,Frye-Haney,New Shannonstad,Trinidad and Tobago
Connie,Mercado,"Weeks, Perez and Andersen",New Vincentstad
Kaylee,Barber,Odom-Nolan,Solistown,Chile
Betty,Duncan,"Raymond, Frazier and Burton",Jacobsonchester
Dwayne,Sweeney,Roth-Griffith,North Kenneth,Bolivia
Kenneth,Anthony,"Hale, Payne and Saunders",Fletcherborough
Peggy,Montoya,Oconnell PLC,Port Brandyside,Poland
Jonathan,Briggs,Atkins-Atkinson,Lake Aprilchester,Japan
Sean,Gray,Larsen-Payne,Berrymouth,China
Rebekah,Villegas,Casey Inc,Langberg,Venezuela
Lisa,Small,Lane-Daniel,New Xavier,Micronesia
Paige,Pineda,"Cole, Huynh and Vang",Port Judith
Howard,Glass,"Carter, Wiggins and Paul",New Kelliechester
Jose,Bond,Tucker Group,Lake Lydiatown,Mongolia
Janet,Bass,Hudson LLC,Port Lindsey,Christmas Island
Jasmin,Waters,Chandler-Holt,South Marisachester,Hungary
Jennifer,Mcintosh,"Glover, Keith and Lozano",Simonside
Gina,Benson,Lawson Group,Colechester,South Africa
Vanessa,Gardner,Silva-Bauer,Meghanstad,Italy
Brenda,Clark,Coleman-Bishop,Noblemouth,Thailand
Chelsea,Randolph,Nixon Ltd,New Candice,Kyrgyz Republic
Tabitha,Logan,Hodges-Cummings,New Lance,Myanmar
Anne,Cabrera,Gay Inc,Toddtown,Australia
Logan,Lamb,Chavez-Haas,North Erin,Korea
Reginald,Mann,Pitts-Weeks,East Brandon,Netherlands
Bob,Rosario,Spencer Ltd,Fowlerfort,Turkey
Andrew,Weiss,Stewart Inc,New Pam,Nicaragua
Rita,Livingston,Valentine Inc,North Whitneyborough,Guyana
Briana,Peck,Salas LLC,Port Curtis,Chile
Brady,Mcdaniel,Knapp-Rodgers,Debraberg,Costa Rica
Clifford,Rivers,Black-Lam,West Michelle,Niue
Kathryn,Burgess,Aguirre and Sons,South Andre,Uruguay
Rodney,Esparza,Mckay Group,East Ricky,Holy See (Vatican City State)
Gabrielle,Vincent,Newton LLC,North Perryshire,El Salvador
Yolanda,Schroeder,Johnston Ltd,Malikchester,Mauritius
Jonathon,West,Rice-Nichols,North Staceyport,Heard Island and McDonald Islands
Lee,Harvey,Obrien Ltd,Port Leon,Ireland
Yvette,Mccoy,"Reeves, Harding and Bowman",East Monica
Kayla,Fleming,Gregory Group,Clarketown,Saint Barthelemy
Vernon,Flowers,"Lawrence, Villegas and Sweeney",New Terryton
Bobby,Dodson,Fuller PLC,Mariamouth,Guyana
Lindsey,Blevins,Fischer-Garrison,East Nathanielview,Reunion
Jared,Howe,"Pacheco, Dennis and Velazquez",New Diane
Mike,Mckay,Aguilar-Carney,Lake Lydiafurt,Samoa
Leon,Summers,Owen Group,Holmeschester,Guernsey
Darren,Gibbs,Baldwin-Best,Glennchester,Saint Barthelemy
Chase,Lucas,"Mills, Esparza and Carpenter",Johnmouth
Kent,Cobb,Wolfe Inc,Schwartzchester,Belize
Miranda,Lawson,Baldwin PLC,West Claudiahaven,Montenegro
Kathy,Nguyen,Vaughan LLC,Kelleyborough,Cape Verde
Jeremiah,Rubio,Chambers Group,Caseyborough,Russian Federation
Gilbert,Barry,Parker-Nguyen,Gilmoreport,Central African Republic
Tony,Shannon,Gutierrez PLC,Acevedomouth,Solomon Islands
Dana,Salas,Barton Ltd,Lake Tabitha,Liberia
Benjamin,Galvan,Ewing-Everett,Masseymouth,Antarctica (the territory South of 60 deg S)
Teresa,Vargas,Sherman-Miranda,Velasquezstad,Finland
Tricia,Leon,Lutz-Spears,Lake Tannerside,Antigua and Barbuda
Carmen,Daugherty,Russo Ltd,Batesport,Saint Helena
Tiffany,Rowe,Maynard-Mcbride,Smithview,Belgium
Wesley,Snow,Higgins LLC,East Melinda,Turkey
Raven,Mejia,Fisher-Lopez,Duncanside,Antarctica (the territory South of 60 deg S)
Elijah,Richardson,Fowler-Owen,Willietown,Cambodia
Colton,Sandoval,Villarreal-Lang,Zavalaview,Gabon
Krista,Mcclure,Simon and Sons,North Marissatown,Iceland
Johnny,Rubio,"Porter, Johnston and Mullins",New Melodymouth
Amy,Ballard,Rice Group,Briannaland,Canada
Rachel,Watts,Holloway-Nolan,Aaronville,Gibraltar
Judy,Mullins,Quinn Inc,Lake Shelby,American Samoa
Priscilla,Huff,Saunders and Sons,New Brettmouth,Malta
Zoe,Solomon,Meyers-Odonnell,Bettyland,Wallis and Futuna
Gabriella,Ho,Sawyer PLC,Danielview,Chad
Jeff,Jensen,Haynes Group,Josephfort,Indonesia
Natalie,Ball,Garrett PLC,Port Laurie,Burundi
Matthew,Fields,Sullivan-Archer,North Sabrina,Anguilla
Jack,Mendoza,"Cardenas, Bass and Callahan",Quinnfurt
Sheryl,Lyons,Henson-Trevino,South Roberta,Algeria
Nina,Contreras,"Mcknight, Horne and Thornton",New Savannah
Samuel,Walker,"Gallegos, Paul and Williamson",Ginaport
Charlotte,Spencer,Chambers Ltd,Port Tyronemouth,Antigua and Barbuda
Eduardo,Schultz,"Valdez, Pierce and Compton",Christianbury
Adrienne,Medina,"Benitez, Wilkinson and Mooney",Darrellstad
Darrell,French,"Macias, Dodson and Blackwell",Vegaview
Rodney,Dunn,Poole LLC,Hardingshire,El Salvador
Bryan,Sampson,Clark-Murray,Stricklandborough,United States of America
Gregory,Baxter,Levine Inc,Schultzfort,Senegal
Edgar,Norman,Gould-Heath,Lake Kayleeville,Yemen
